File,Model,Block Size,R2,RMSE,MAE,MAPE
predicted_series_rnn_block1_w20.csv,RNN,,0.09412953882207532,2.952073968133295,1.7328778014938506,0.3416785745217186
predicted_series_rnn_block30_w20.csv,RNN,,0.4177399923779189,2.346151993670531,1.4326544335638394,0.2961026987850232
predicted_series_lstm_block1_w20.csv,LSTM,,0.07278954225841923,2.9619333880702876,1.644657233588,0.32014057650054445
predicted_series_lstm_block30_w20.csv,LSTM,,0.43004809217506873,2.320746256837438,1.407031000581948,0.2908444390427945
